template_code,template_name,category,emphasize_title,body,variables,button1_name,button1_type,button1_url,button2_name,button2_type,button2_url,fallback_title,fallback_body,body_chars_sample,fallback_bytes_sample
micego_org_received,접수 확인,정보성,,"[MICEGO] 견적 요청을 접수했습니다.

#{담당자명}님, 요청이 정상적으로 접수되었습니다. 접수된 영업일에 확인을 시작해 3영업일 안에 진행 상황과 다음 일정을 알려 드립니다.

■ 요청번호: #{요청번호}
■ 접수일시: #{접수일시}
■ 행사: #{목적지} #{행사유형} · #{인원}

진행 상황은 아래 버튼에서 언제든 확인하실 수 있습니다. 개인 링크이므로 외부에 전달하지 말아 주세요.

※ 이 메시지는 견적을 요청하신 분께 발송되는 안내입니다.","#{담당자명},#{요청번호},#{접수일시},#{목적지},#{행사유형},#{인원},#{추적토큰}",진행 상황 보기,웹링크(WL),https://micego.example/ko/track.html?t=#{추적토큰},,,,[MICEGO] 접수 확인,"[MICEGO] 견적 요청을 접수했습니다.

#{담당자명}님, 요청이 정상적으로 접수되었습니다. 접수된 영업일에 확인을 시작해 3영업일 안에 진행 상황과 다음 일정을 알려 드립니다.

■ 요청번호: #{요청번호}
■ 접수일시: #{접수일시}
■ 행사: #{목적지} #{행사유형} · #{인원}

진행 상황은 아래 버튼에서 언제든 확인하실 수 있습니다. 개인 링크이므로 외부에 전달하지 말아 주세요.

▶ 진행 상황: https://micego.example/ko/track.html?t=#{추적토큰}

※ 이 메시지는 견적을 요청하신 분께 발송되는 안내입니다.",264,482
micego_org_rejected,반려 안내,정보성,,"[MICEGO] 이번 요청은 진행하기 어렵습니다.

#{담당자명}님, #{요청번호} 요청을 검토했지만 이번에는 호텔에 요청을 보내지 못했습니다.

■ 사유: #{반려사유}

사유가 해결되면 아래 버튼에서 새로 요청해 주세요. 접수하신 내용은 호텔에 전달되지 않았습니다.

※ 이 메시지는 견적을 요청하신 분께 발송되는 안내입니다.","#{담당자명},#{요청번호},#{반려사유}",새로 요청하기,웹링크(WL),https://micego.example/ko/#register,,,,[MICEGO] 요청 반려 안내,"[MICEGO] 이번 요청은 진행하기 어렵습니다.

#{담당자명}님, #{요청번호} 요청을 검토했지만 이번에는 호텔에 요청을 보내지 못했습니다.

■ 사유: #{반려사유}

사유가 해결되면 아래 버튼에서 새로 요청해 주세요. 접수하신 내용은 호텔에 전달되지 않았습니다.

▶ 새로 요청하기: https://micego.example/ko/#register

※ 이 메시지는 견적을 요청하신 분께 발송되는 안내입니다.",214,408
micego_org_bidding,견적 받는 중 진입,정보성,,"[MICEGO] 호텔에 견적을 요청했습니다.

#{담당자명}님, #{요청번호} 요청의 검토를 마치고 조건에 맞는 해외 호텔 몇 곳에 요청을 보냈습니다.

■ 호텔 견적 마감: #{견적마감}
■ 비교표 전달 예정일: #{비교표예정일}

마감 후 받은 제안을 비교표로 정리해 다시 알려 드립니다. 진행 상황은 아래 버튼에서 확인하실 수 있습니다.

※ 이 메시지는 견적을 요청하신 분께 발송되는 안내입니다.","#{담당자명},#{요청번호},#{견적마감},#{비교표예정일},#{추적토큰}",진행 상황 보기,웹링크(WL),https://micego.example/ko/track.html?t=#{추적토큰},,,,[MICEGO] 호텔 견적 요청 안내,"[MICEGO] 호텔에 견적을 요청했습니다.

#{담당자명}님, #{요청번호} 요청의 검토를 마치고 조건에 맞는 해외 호텔 몇 곳에 요청을 보냈습니다.

■ 호텔 견적 마감: #{견적마감}
■ 비교표 전달 예정일: #{비교표예정일}

마감 후 받은 제안을 비교표로 정리해 다시 알려 드립니다. 진행 상황은 아래 버튼에서 확인하실 수 있습니다.

▶ 진행 상황: https://micego.example/ko/track.html?t=#{추적토큰}

※ 이 메시지는 견적을 요청하신 분께 발송되는 안내입니다.",248,444
micego_org_rebid,새 라운드 (조건 변경),정보성,,"[MICEGO] 바뀐 조건으로 호텔에 다시 요청했습니다.

#{담당자명}님, #{요청번호} 요청의 조건이 바뀌어 #{라운드}차로 호텔에 다시 요청을 보냈습니다.

■ 변경 내용: #{변경내용}
■ 새 견적 마감: #{견적마감}
■ 새 비교표 예정일: #{비교표예정일}

이전에 받은 제안은 기록으로 보관됩니다. 진행 상황은 아래 버튼에서 확인하실 수 있습니다.

※ 이 메시지는 견적을 요청하신 분께 발송되는 안내입니다.","#{담당자명},#{요청번호},#{라운드},#{변경내용},#{견적마감},#{비교표예정일},#{추적토큰}",진행 상황 보기,웹링크(WL),https://micego.example/ko/track.html?t=#{추적토큰},,,,[MICEGO] 호텔 재요청 안내,"[MICEGO] 바뀐 조건으로 호텔에 다시 요청했습니다.

#{담당자명}님, #{요청번호} 요청의 조건이 바뀌어 #{라운드}차로 호텔에 다시 요청을 보냈습니다.

■ 변경 내용: #{변경내용}
■ 새 견적 마감: #{견적마감}
■ 새 비교표 예정일: #{비교표예정일}

이전에 받은 제안은 기록으로 보관됩니다. 진행 상황은 아래 버튼에서 확인하실 수 있습니다.

▶ 진행 상황: https://micego.example/ko/track.html?t=#{추적토큰}

※ 이 메시지는 견적을 요청하신 분께 발송되는 안내입니다.",287,490
micego_org_delivered,견적 도착 (비교표 전달됨),정보성,비교표가 도착했습니다,"[MICEGO] 받은 제안을 비교표로 전달드립니다.

#{담당자명}님, #{요청번호} 요청에 호텔 제안이 도착해 비교표로 정리했습니다.

■ 받은 제안: #{제안건수}건
■ 가장 빠른 견적 유효기한: #{유효기한}

비교표는 아래 버튼에서 보실 수 있고, 호텔 이름은 선택 전까지 제안 A·B·C로 표시됩니다. 고르신 제안은 페이지의 「제안 선택하기」 버튼으로 메일 초안을 열거나, MICEGO에서 받은 이메일에 회신해 알려 주세요.

※ 이 메시지는 견적을 요청하신 분께 발송되는 안내입니다.","#{담당자명},#{요청번호},#{제안건수},#{유효기한},#{추적토큰}",비교표 보기,웹링크(WL),https://micego.example/ko/track.html?t=#{추적토큰},,,,[MICEGO] 비교표 도착,"[MICEGO] 받은 제안을 비교표로 전달드립니다.

#{담당자명}님, #{요청번호} 요청에 호텔 제안이 도착해 비교표로 정리했습니다.

■ 받은 제안: #{제안건수}건
■ 가장 빠른 견적 유효기한: #{유효기한}

비교표는 아래 버튼에서 보실 수 있고, 호텔 이름은 선택 전까지 제안 A·B·C로 표시됩니다. 고르신 제안은 페이지의 「제안 선택하기」 버튼으로 메일 초안을 열거나, MICEGO에서 받은 이메일에 회신해 알려 주세요.

▶ 비교표 보기: https://micego.example/ko/track.html?t=#{추적토큰}

※ 이 메시지는 견적을 요청하신 분께 발송되는 안내입니다.",276,506
micego_org_won,성사 (호텔 선정·연결),정보성,선정 호텔과 연결했습니다,"[MICEGO] 선정하신 호텔과 연결해 드렸습니다.

#{담당자명}님, #{요청번호} 요청의 선정 호텔은 #{선정호텔}입니다.

호텔 담당자에게 연결 메일을 보냈고 담당자님을 참조로 넣었습니다. 호텔에는 회사명(#{회사명})과 담당자 연락처(이메일·전화)가 전달되었습니다.

계약과 결제는 호텔과 직접 진행하시면 됩니다. 주최 측 수수료는 없습니다.

※ 이 메시지는 견적을 요청하신 분께 발송되는 안내입니다.","#{담당자명},#{요청번호},#{선정호텔},#{회사명},#{추적토큰}",진행 상황 보기,웹링크(WL),https://micego.example/ko/track.html?t=#{추적토큰},,,,[MICEGO] 호텔 선정·연결 안내,"[MICEGO] 선정하신 호텔과 연결해 드렸습니다.

#{담당자명}님, #{요청번호} 요청의 선정 호텔은 #{선정호텔}입니다.

호텔 담당자에게 연결 메일을 보냈고 담당자님을 참조로 넣었습니다. 호텔에는 회사명(#{회사명})과 담당자 연락처(이메일·전화)가 전달되었습니다.

계약과 결제는 호텔과 직접 진행하시면 됩니다. 주최 측 수수료는 없습니다.

▶ 진행 상황: https://micego.example/ko/track.html?t=#{추적토큰}

※ 이 메시지는 견적을 요청하신 분께 발송되는 안내입니다.",252,463
micego_org_lost,미성사 종료,정보성,,"[MICEGO] 이번 요청은 성사 없이 종료되었습니다.

#{담당자명}님, #{요청번호} 요청을 종료했습니다.

■ 사유: #{미성사사유}

호텔에는 종료 결과만 전달되며, 회사명과 담당자 연락처는 전달되지 않았습니다. 조건이 정해지면 새로 요청해 주세요.

※ 이 메시지는 견적을 요청하신 분께 발송되는 안내입니다.","#{담당자명},#{요청번호},#{미성사사유},#{추적토큰}",진행 상황 보기,웹링크(WL),https://micego.example/ko/track.html?t=#{추적토큰},,,,[MICEGO] 요청 종료 안내,"[MICEGO] 이번 요청은 성사 없이 종료되었습니다.

#{담당자명}님, #{요청번호} 요청을 종료했습니다.

■ 사유: #{미성사사유}

호텔에는 종료 결과만 전달되며, 회사명과 담당자 연락처는 전달되지 않았습니다. 조건이 정해지면 새로 요청해 주세요.

▶ 진행 상황: https://micego.example/ko/track.html?t=#{추적토큰}

※ 이 메시지는 견적을 요청하신 분께 발송되는 안내입니다.",198,388
micego_org_cancelled,취소 확인,정보성,,"[MICEGO] 요청이 취소되었습니다.

#{담당자명}님, #{요청번호} 요청의 취소를 확인했습니다.

■ 행사: #{목적지} #{행사유형}
■ 취소일시: #{취소일시}

회사명과 담당자 연락처는 어느 호텔에도 전달되지 않았습니다. 다시 진행하실 때는 새로 요청해 주세요.

※ 이 메시지는 견적을 요청하신 분께 발송되는 안내입니다.","#{담당자명},#{요청번호},#{목적지},#{행사유형},#{취소일시},#{추적토큰}",진행 상황 보기,웹링크(WL),https://micego.example/ko/track.html?t=#{추적토큰},,,,[MICEGO] 요청 취소 확인,"[MICEGO] 요청이 취소되었습니다.

#{담당자명}님, #{요청번호} 요청의 취소를 확인했습니다.

■ 행사: #{목적지} #{행사유형}
■ 취소일시: #{취소일시}

회사명과 담당자 연락처는 어느 호텔에도 전달되지 않았습니다. 다시 진행하실 때는 새로 요청해 주세요.

▶ 진행 상황: https://micego.example/ko/track.html?t=#{추적토큰}

※ 이 메시지는 견적을 요청하신 분께 발송되는 안내입니다.",191,363
micego_acc_welcome,가입 완료 안내,정보성,,"[MICEGO] 회원 가입을 마쳤습니다.

#{가입자명}님, 가입해 주셔서 감사합니다. 이제 견적 요청 현황을 「내 견적 요청」에서 한곳에 확인하실 수 있습니다.

■ 연결한 이전 요청: #{연결건수}건

동료에게는 요청별 보기 전용 링크를 보내 함께 볼 수 있습니다. 제안 선택은 요청하신 분만 할 수 있습니다.

※ 이 메시지는 MICEGO 회원 가입을 마치신 분께 발송되는 안내입니다.","#{가입자명},#{연결건수}",내 견적 요청 보기,웹링크(WL),https://micego.example/ko/my.html,,,,[MICEGO] 회원 가입 완료,"[MICEGO] 회원 가입을 마쳤습니다.

#{가입자명}님, 가입해 주셔서 감사합니다. 이제 견적 요청 현황을 「내 견적 요청」에서 한곳에 확인하실 수 있습니다.

■ 연결한 이전 요청: #{연결건수}건

동료에게는 요청별 보기 전용 링크를 보내 함께 볼 수 있습니다. 제안 선택은 요청하신 분만 할 수 있습니다.

▶ 내 견적 요청: https://micego.example/ko/my.html

※ 이 메시지는 MICEGO 회원 가입을 마치신 분께 발송되는 안내입니다.",208,391
